ClientId,Type,Text,note
Knights,Defeat,王都の騎士団より救援要請。{weeks}週以内に{field}{floor}Fの主「{boss}」を討たれたし。,
Knights,Defeat,騎士団長の名において依頼する。{field}{floor}Fに巣くう「{boss}」を{weeks}週以内に討伐せよ。,
Knights,Defeat,{field}から魔物があふれ、街道が危うい。元凶の「{boss}」（{floor}F）を{weeks}週以内に倒してほしい。,
Merchants,Deliver,商人ギルドより買い付けの依頼。{material}を{count}個、{weeks}週以内に納めてくだされば言い値で引き取ります。,
Merchants,Deliver,王都の祭りで{material}が足りません。{count}個を{weeks}週以内にお願いしたい。,
Merchants,Deliver,大口の注文が入りました。{material}{count}個、{weeks}週以内に。代金ははずみます。,
Academy,Survey,魔導学院より調査の依頼。{field}{floor}Fの主「{boss}」の記録を、{weeks}週以内に完全な形でいただきたい。,
Academy,Survey,「{boss}」（{field}{floor}F）の生態を論文にまとめたい。{weeks}週以内に完全解析を。討伐はその後で。,
Academy,Survey,学院の書庫に「{boss}」の記録が欠けています。{weeks}週以内の完全解析を求む。,
Noble,Tribute,辺境伯家より。{stat}が{value}以上の娘を一人、当家の護衛に迎えたい。{weeks}週以内に返事を。,
Noble,Tribute,当家の令嬢の剣の師を探している。{stat}{value}以上の者を、{weeks}週以内に譲っていただけないか。,
Noble,Tribute,辺境の砦に腕の立つ者が要る。{stat}が{value}以上の冒険者を一人、{weeks}週以内に。礼は弾む。,
Elves,Defeat,エルフの里より。{field}{floor}Fの「{boss}」が森の精霊を乱している。{weeks}週以内に鎮めてほしい。,
Elves,Defeat,長老会の願い。{weeks}週以内に「{boss}」（{field}{floor}F）を討ってくれまいか。,
Elves,Survey,古い言い伝えにある「{boss}」（{field}{floor}F）の正体を、{weeks}週以内に確かめてほしい。,
Elves,Deliver,里の薬師が{material}を求めている。{count}個を{weeks}週以内に届けてほしい。,
Elves,Tribute,里の若者に戦い方を教える者が要る。{stat}{value}以上の者を一人、{weeks}週以内に迎えたい。,
