Id,Price,HpBonus,BonusStr,BonusVit,BonusAgi,BonusDex,BonusInt,BonusMnd,BonusLdr,note
IronSword,100,0,2,1,0,0,0,0,0,鉄の剣（武器・全職）。最大HPへの加算なし（2026年9月・§0.37で個人CPを撤廃）
Dagger,80,0,0,0,2,5,0,0,0,短剣（武器・盗賊/斥候/学者）。最大HPへの加算なし（2026年9月・§0.37で個人CPを撤廃）
HuntingBow,140,0,0,0,4,2,0,0,0,弓（武器・斥候/盗賊）。最大HPへの加算なし（2026年9月・§0.37で個人CPを撤廃）
Spear,180,0,3,3,0,0,0,0,0,長槍（武器・重戦士/騎士/斥候）。最大HPへの加算なし（2026年9月・§0.37で個人CPを撤廃）
GreatSword,200,0,6,2,0,0,0,0,0,大剣（武器・重戦士/騎士）。最大HPへの加算なし（2026年9月・§0.37で個人CPを撤廃）
Mace,150,0,2,0,0,0,0,5,0,メイス（武器・神官/騎士/重戦士）。最大HPへの加算なし（2026年9月・§0.37で個人CPを撤廃）
Warhammer,210,0,4,0,0,0,0,3,0,戦槌（武器・重戦士/騎士/神官）。最大HPへの加算なし（2026年9月・§0.37で個人CPを撤廃）
MageStaff,160,0,0,0,0,0,6,0,0,魔導士の杖（武器・魔導士/学者）。最大HPへの加算なし（2026年9月・§0.37で個人CPを撤廃）
Grimoire,220,0,0,0,0,0,4,4,0,魔導書（武器・魔導士/学者/神官）。最大HPへの加算なし（2026年9月・§0.37で個人CPを撤廃）
LeatherArmor,80,15,0,0,2,0,0,0,0,革鎧（防具・全職）。HpBonus＝最大HP加算量
ScholarCoat,130,15,0,0,0,2,3,0,0,学術コート（防具・学者/斥候/盗賊/魔導士）。HpBonus＝最大HP加算量
Robe,100,10,0,0,0,0,3,3,0,ローブ（防具・魔導士/神官/学者）。HpBonus＝最大HP加算量
Chainmail,160,25,0,3,0,0,0,0,0,鎖帷子（防具・重戦士/騎士/斥候/神官）。重装ペナルティ対象外。HpBonus＝最大HP加算量
HeavyArmor,200,35,1,6,0,0,0,0,0,重装鎧（防具・重戦士/騎士/神官）。重装ペナルティ対象。HpBonus＝最大HP加算量
PlateArmor,300,50,2,10,0,0,0,0,0,全身板金鎧（防具・重戦士/騎士）。重装ペナルティ対象。HpBonus＝最大HP加算量
PowerRing,300,0,5,0,0,0,0,0,0,力の指輪（アクセサリー1）。§0.37で個人CP+8からSTR+5へ置換
LifeAmulet,300,15,0,0,0,0,0,0,0,生命のお守り（アクセサリー1）。HpBonus＝最大HP加算量
QuickBrooch,300,0,0,0,5,0,0,0,0,俊敏のブローチ（アクセサリー2）。§0.37で個人CP+8からAGI+5へ置換
GuardCharm,300,15,0,0,0,0,0,0,0,守りのお守り（アクセサリー2）。HpBonus＝最大HP加算量
MithrilSword,2000,0,8,3,0,0,0,0,0,ミスリルの剣（武器・重戦士/騎士/斥候/神官）。店の上位装備・段1（倒した階層ボス15体で入荷。§0.61）
MithrilDagger,2000,0,0,0,4,8,0,0,0,ミスリルの短剣（武器・盗賊/斥候/学者）。段1
MithrilStaff,2000,0,0,0,0,0,8,4,0,ミスリルの杖（武器・魔導士/学者/神官）。段1
MithrilMail,2000,40,2,6,0,0,0,0,0,ミスリルの鎧（防具・重戦士/騎士/神官/斥候。中装＝重装ペナルティなし）。段1
MithrilVestment,2000,25,0,0,2,0,4,4,0,ミスリル織りの法衣（防具・魔導士/神官/学者/盗賊）。段1
MithrilRing,1500,0,4,0,0,0,0,4,0,ミスリルの指輪（アクセサリー1・全職）。段1
MithrilEarring,1500,10,0,0,3,0,0,0,3,ミスリルの耳飾り（アクセサリー2・全職）。段1
OrichalcumSword,6000,0,13,5,0,0,0,0,0,オリハルコンの剣。段2（倒した階層ボス25体で入荷）
OrichalcumDagger,6000,0,0,0,6,13,0,0,0,オリハルコンの短剣。段2
OrichalcumStaff,6000,0,0,0,0,0,13,6,0,オリハルコンの杖。段2
OrichalcumMail,6000,60,3,10,0,0,0,0,0,オリハルコンの鎧（中装）。段2
OrichalcumVestment,6000,40,0,0,3,0,6,6,0,オリハルコン織りの法衣。段2
OrichalcumRing,4500,0,6,0,0,0,0,6,0,オリハルコンの指輪。段2
OrichalcumEarring,4500,15,0,0,5,0,0,0,5,オリハルコンの耳飾り。段2
StarIronSword,18000,0,18,7,0,0,0,0,0,星鉄の剣。段3（倒した階層ボス35体で入荷）
StarIronDagger,18000,0,0,0,8,18,0,0,0,星鉄の短剣。段3
StarIronStaff,18000,0,0,0,0,0,18,8,0,星鉄の杖。段3
StarIronMail,18000,80,4,14,0,0,0,0,0,星鉄の鎧（中装）。段3
StarIronVestment,18000,55,0,0,4,0,8,8,0,星糸の法衣。段3
StarIronRing,15000,0,8,0,0,0,0,8,0,星鉄の指輪。段3
StarIronEarring,15000,20,0,0,7,0,0,0,7,星鉄の耳飾り。段3
