Style,Facility,Text
Albert,Training,"「あの{discipline}……鍛え方次第で、まだまだ伸びる。{facility}を{level}にせねばならん！」（アルベール）"
Albert,Training,"「ふむ、{discipline}の才か。研究のし甲斐がある。{facility}を{level}まで広げてみよ」（アルベール）"
Albert,Training,"「見事だ。{facility}の設計を練り直そう。{level}まで行けるはずだ」（アルベール）"
Albert,Infirmary,"「傷を負っても戻ってくる。ならば治す場所も強くせねばな。医務室を{level}にしてよい」（アルベール）"
Albert,Infirmary,"「迷宮の主をこれだけ倒せば、治療の知見も溜まる。医務室を{level}まで広げよう」（アルベール）"
Adjutant,Dormitory,"「大会の評判で入団の希望が増えています。宿舎を{level}まで増築しては？」（副官）"
Adjutant,Dormitory,"「勝ち鞍が増えて、ギルドに人が集まってきました。宿舎の増築（{level}）を進めましょう」（副官）"
Adjutant,Tavern,"「賞金のおかげで蓄えができました。酒場を{level}にして、皆をねぎらいましょう」（副官）"
Adjutant,Tavern,"「祝勝会が手狭です。酒場の改築（{level}）を提案します」（副官）"
Adjutant,RecruitmentOffice,"「新人戦の活躍で、各地から問い合わせが来ています。冒険者支援室を{level}にしては？」（副官）"
Adjutant,WarRoom,"「踏破杯の記録を残しておく場所が要ります。作戦資料室を{level}にしましょう」（副官）"
Royal,Any,"「{event}の覇者を出したギルドに、王都より叙勲と{facility}の{level}への増築の許しが下った」"
Royal,Any,"「王都の使者が来た。{event}の栄誉をたたえ、{facility}を{level}に広げる許しを与えるという」"
