Id,Kind,Target,Label,X,Y,W,H,Squad,Seat,note
board,area,commission,依頼の掲示板,0.047,0.282,0.123,0.210,0,0,"ギルドのホール（§0.95）。X・Y・W・H は絵の幅・高さに対する割合（左上が0,0）。area は押せる範囲、seat は椅子の顔アイコンの中心（W は顔の直径）"
warroom,area,warroom,作戦資料室,0.195,0.417,0.125,0.161,0,0,地図と駒の机
lab,area,research,研究室,0.310,0.200,0.068,0.265,0,0,錬金の紋の扉
infirmary,area,infirmary,医務室,0.415,0.161,0.058,0.242,0,0,赤十字の扉
training,area,training,訓練所（鍛錬所・技巧所・学問所）,0.550,0.148,0.118,0.264,0,0,裏庭への戸口
support,area,support,冒険者支援室,0.680,0.180,0.123,0.224,0,0,吊り看板と受付の窓
tavern,area,tavern,ギルド酒場,0.730,0.408,0.100,0.188,0,0,樽と短いカウンター
shop,area,shop,お抱え商,0.833,0.305,0.088,0.367,0,0,薬の棚と天秤のカウンター
dorm,area,dorm,宿舎（冒険者の名簿）,0.920,0.108,0.075,0.645,0,0,2階への階段
ledger,area,ledger,施設管理・帳簿,0.673,0.753,0.188,0.247,0,0,帳簿の机
dungeon,area,dungeon,大迷宮,0.198,0.623,0.198,0.273,0,0,床の落とし戸
table1,area,squad,第1部隊,0.438,0.385,0.145,0.188,1,0,奥のテーブル
table2,area,squad,第2部隊,0.315,0.466,0.158,0.233,2,0,左のテーブル
table3,area,squad,第3部隊,0.565,0.480,0.150,0.210,3,0,右のテーブル
table4,area,squad,第4部隊,0.455,0.560,0.180,0.265,4,0,手前のテーブル
seat1_1,seat,,,0.450,0.426,0.030,0,1,1,奥のテーブルの椅子（奥の左）
seat1_2,seat,,,0.485,0.408,0.030,0,1,2,奥の右
seat1_3,seat,,,0.538,0.493,0.030,0,1,3,手前の左
seat1_4,seat,,,0.570,0.468,0.030,0,1,4,手前の右
seat2_1,seat,,,0.328,0.517,0.030,0,2,1,左のテーブルの椅子（奥の左）
seat2_2,seat,,,0.373,0.486,0.030,0,2,2,奥の右
seat2_3,seat,,,0.415,0.596,0.030,0,2,3,手前の左
seat2_4,seat,,,0.460,0.554,0.030,0,2,4,手前の右
seat3_1,seat,,,0.578,0.524,0.030,0,3,1,右のテーブルの椅子（奥の左）
seat3_2,seat,,,0.608,0.497,0.030,0,3,2,奥の右
seat3_3,seat,,,0.680,0.596,0.030,0,3,3,手前の左
seat3_4,seat,,,0.708,0.566,0.030,0,3,4,手前の右
seat4_1,seat,,,0.468,0.623,0.030,0,4,1,手前のテーブルの椅子（奥の左）
seat4_2,seat,,,0.511,0.587,0.030,0,4,2,奥の右
seat4_3,seat,,,0.581,0.712,0.030,0,4,3,手前の左
seat4_4,seat,,,0.624,0.672,0.030,0,4,4,手前の右
