Key,Text
Legend,"「{name}……あなたの名は、きっと王都の語り草になるわ。こんな子を見届けられたなんて、研究者冥利に尽きるわね」"
Legend,"「『{title}』。400年生きてきて、これほどの輝きは数えるほどしか見ていないわ。……ありがとう、{name}」"
Legend,"「行ってらっしゃい、{name}。あなたが残したものは、この先のどんな子にも負けない宝物よ」"
Name,"「『{title}』の{name}。ふふ、立派になったわね。胸を張って、外の世界へお行きなさい」"
Name,"「あなたの名前は、このギルドの記録にしっかり刻んでおくわ。元気でね、{name}」"
Name,"「8年……長いようで短かったわね。『{title}』と呼ばれるまでになるなんて、最初は思わなかったわ」"
Honor,"「よく頑張ったわね、{name}。『{title}』――あなたらしい名前だと思うわ」"
Honor,"「{name}、あなたの努力はちゃんと見ていたわよ。これからは自分のために生きなさい」"
Honor,"「退職金は弾んでおいたわ。……次に会うときは、お茶でも飲みましょうね、{name}」"
Plain,"「{name}、8年間お疲れさま。危ない目にも遭わせたけれど、無事に送り出せて嬉しいわ」"
Plain,"「派手な勲章は無くても、あなたが支えてくれた日々はちゃんと覚えているわ。ありがとう、{name}」"
Plain,"「元気でね、{name}。たまには顔を見せに来て頂戴」"
Short,"「{name}、お疲れさま。外の世界でも、どうか元気でね」"
Short,"「短い間だったけれど、ありがとう、{name}。あなたの未来に幸あれ」"
HallOfFame,"「殿堂にあなたの名を刻むわ。この先、このギルドに来る子たちはみんな、あなたの背中を追うのよ」"
HallOfFame,"「{name}、殿堂入りおめでとう。……ふふ、私の研究の、いちばんの成果かもしれないわね」"
