Kind,Name,Expression,File,note
background,森を抜ける街道,,bg/road.jpg,序章
background,ギルドの門の前,,bg/guild_gate.jpg,
background,ギルドの広間,,bg/guild_hall.jpg,"いちばん多く使う。木造の広間（物語帳の「場面」から作った。エンディングの石造りの背景は使わない）"
background,応接間,,bg/parlor.jpg,長老の来訪・イザベラの来訪
background,医務室,,bg/infirmary.jpg,
background,研究室,,bg/lab.jpg,アルベールの研究室
background,ギルドの裏庭,,bg/backyard.jpg,ルミナの稽古
background,祝宴の広間,,bg/banquet.png,エンディング
background,王都の闘技場,,bg/arena.jpg,交流戦・大会
background,エルフの里の縁側,,bg/elf_veranda.jpg,
background,森の祠,,bg/forest_shrine.jpg,真相で語られる四百年前の祠（今は使う場面なし）
background,翠緑の原生林・主の巣,,bg/forest_nest.png,
background,嘆きの鍾乳洞,,bg/cave.png,
background,忘却の古代廃墟の祭壇,,bg/ruins_altar.png,
background,焦熱の峡谷・最深部,,bg/canyon_depths.png,
background,深淵の特異点,,bg/abyss.png,
background,都の心臓,,bg/city_heart.png,エンディング
background,白い都（夢）,,bg/white_city.png,理想郷の記憶
portrait,アルベール|？？？,通常,portraits/albert.png,エンディングの立ち絵は使わない
portrait,アルベール|？？？,笑顔,portraits/albert_smile.png,
portrait,アルベール|？？？,驚き,portraits/albert_surprised.png,
portrait,アルベール|？？？,怒り,portraits/albert_angry.png,
portrait,アルベール|？？？,悲しみ,portraits/albert_sad.png,
portrait,ルミナ|少女,通常,portraits/lumina.png,物語帳の「ルミナ・通常」（マゼンタの背景を抜いたもの。2026-10-10に差し替え）
portrait,イザベラ,通常,portraits/isabella.png,
portrait,イザベラ,照れ,portraits/isabella_blush.png,
portrait,イザベラ,困惑,portraits/isabella_puzzled.png,
portrait,ユーフェミア|長老,通常,portraits/euphemia.png,エルフの里の長老
portrait,セシリア,通常,portraits/cecilia.png,
portrait,ブリジット,通常,portraits/brigitte.png,
portrait,ニナ,通常,portraits/nina.png,
portrait,マルグリット,通常,portraits/marguerite.png,
portrait,フィオナ,通常,portraits/fiona.png,初期の3人
portrait,リナ,通常,portraits/rina.png,初期の3人
portrait,クラウディア,通常,portraits/claudia.png,初期の3人
portrait,ヴァレリア,通常,portraits/valeria.png,紅蓮の牙のマスター（§0.93）
portrait,シルヴィア,通常,portraits/sylvia.png,銀月の弓のマスター（§0.93）
portrait,リディア,通常,portraits/lydia.png,ルミナの母（回想用）
portrait,セラフィーナ,通常,portraits/seraphina.png,ルミナの母（回想用）
