Id,Name,Kind,Discipline,Grade,Month,Week,MinStrength,MaxStrength,Prize1,Prize2,Prize4,Mood1,Mood2,Mood4,Note
rookie,新人戦,Rookie,Best,G3,1,4,40,70,300,150,80,5,0,0,"毎年 春1の月 第4週。その年に加わった者だけ。部門は出場者の得意な部門（§0.82）"
local_sword,{地方}剣技大会,Local,Sword,G3,0,0,50,95,300,150,80,5,0,0,"地方大会（剣）。毎年の暦に置く（月と週は年ごとに変わる）。誰でも出られる"
local_magic,{地方}魔導大会,Local,Magic,G3,0,0,50,95,300,150,80,5,0,0,地方大会（魔）
local_skill,{地方}射技大会,Local,Skill,G3,0,0,50,95,300,150,80,5,0,0,地方大会（技）
royal_sword,王都剣技会,Royal,Sword,G2,0,0,85,135,1000,500,250,8,3,0,"王都大会（剣）。その部門のG1より前の月に置く。同じ部門のG3でベスト4以上の者だけ"
royal_magic,王都魔導会,Royal,Magic,G2,0,0,85,135,1000,500,250,8,3,0,王都大会（魔）
royal_skill,王都射技会,Royal,Skill,G2,0,0,85,135,1000,500,250,8,3,0,王都大会（技）
classic_sword,王国剣闘祭,Classic,Sword,G1,8,4,110,170,3000,1500,700,15,6,2,"定例のG1（秋2の月 第4週）。同じ部門のG2でベスト4以上の者だけ"
classic_magic,王国魔導祭,Classic,Magic,G1,9,4,110,170,3000,1500,700,15,6,2,定例のG1（秋3の月 第4週）
classic_skill,王国射技祭,Classic,Skill,G1,10,4,110,170,3000,1500,700,15,6,2,定例のG1（冬1の月 第4週）
classic_party,迷宮踏破杯,Classic,Party,G1,11,4,250,500,3000,1500,700,15,6,2,"定例のG1（冬2の月 第4週）。4人部隊。強さは部隊の走破力（仮の値）。ギルドがどこかのフィールドで30Fのボスを倒していること"
final,王都最強決定戦,Final,Best,G1,12,4,140,190,5000,2000,1000,20,8,3,"定例のG1（冬3の月 第4週）。その年にG1で優勝、またはG2で2勝した者だけ。部門は出場者の得意な部門"
invite_lord,{フィールド}の領主杯,Invite,Random,Special,0,3,85,135,1500,700,300,8,3,0,"招待：新しいフィールドを開いたとき、2か月後に置く。G2相当。優勝のご褒美に固有武具"
invite_royal,王族の御前試合,Invite,Best,Special,0,3,110,170,3000,1500,700,10,4,0,"招待：G1で優勝したとき、2か月後に置く（1年に1回まで）。部門は招待された者の得意な部門"
invite_margrave,辺境伯杯,Invite,Random,Special,0,3,85,135,1000,500,250,8,3,0,"招待：ギルドの入賞（ベスト4以上）が累計10回になったとき、2か月後に置く（1回だけ）。優勝のご褒美に次の改築費が半額"
